Adams, Shirley (ADAMSSH)
Adams, Shirley (ADAMSSH)
Adams, Shirley (ADAMSSH)
Agosto, Julia (AGOSTOJ)
Agrawat, Eva (AGRAWATE)
Alderson, Jennifer (ALDERSONJ)
Alderson, Jennifer (ALDERSONJ)
Anderson, Kathy (ANDERSONK)
Anderson, Kathy (ANDERSONK)
Anderson, Kathy (ANDERSONK)
Andrews, Boriana (ANDREWSB)
Armbruster, Kathy (ARMBRUSTERK)
Ashcraft, Sally (ASHCRAFTS)
Austin, Meredith (AUSTINM)
Austin, Sherri (AUSTINS)
Austin, Sherri (AUSTINS)
Auten, Trey (AUTENA)
Ayers, Terrica (AYERSTE)
Ayers, Terrica (AYERSTE)
Bailey, Reece (BAILEYRE)
Baker, Debbie (BAKERD)
Baker, Kathryn (BAKERKA)
Bannister, Kelley (BANNISTERK)
Bannister, Kelley (BANNISTERK)
Bannister, Kelley (BANNISTERK)
Barganier, Brian (BARGANIERB)
Barganier, Brian (BARGANIERB)
Barganier, Brian (BARGANIERB)
Barnes, Troy (BARNESTR)
Barron, Cheryl (BARRONC)
Barron, Cheryl (BARRONC)
Barton, Gina (BARTONG)
Baxter, Gary (BAXTERG)
Bayles, Lorrie (BAYLESL)
Bayles, Lorrie (BAYLESL)
Bayles, Lorrie (BAYLESL)
Bayles, Lorrie (BAYLESL)
Bayles, Suzanne (BAYLESS)
Bayles, Suzanne (BAYLESS)
Bayles, Suzanne (BAYLESS)
Bayles, Suzanne (BAYLESS)
Beckemeyer, Lyle (BECKEMEYERL)
Beckemeyer, Lyle (BECKEMEYERL)
Bennett, Wendyjean (BENNETTWE)
Benton, Angela (BENTONA)
Benton, Angela (BENTONA)
Black, Laura (BLACKLA)
Black, Tim (BLACKT)
Black, Tim (BLACKT)
Black, Tim (BLACKT)
Black, Tim (BLACKT)
Black, Tim (BLACKT)
Black, Tim (BLACKT)
Blakemore, Kathy (BLAKEMOREKA)
Boerner, Stephanie (BOERNERS)
Boerner, Stephanie (BOERNERS)
Boerner, Stephanie (BOERNERS)
Boerner, Stephanie (BOERNERS)
Booher, Jennifer (BOOHERJ)
Bowen, Linda (BOWENL)
Bowen, Linda (BOWENL)
Bowerman, Pam (BOWERMANP)
Boyd, Bobbi (BOYDBO)
Boyd, Kevin (BOYDK)
Boyer, Charles (BOYERC)
Boyett, Tami (BOYETTTA)
Boyett, Terry (BOYETTT)
Boyett, Terry (BOYETTT)
Brames, Doug (BRAMESD)
Brattin, Rick (BRATTINR)
Brattin, Rick (BRATTINR)
Bray, David (BRAYD)
Brewer, Pat (BREWERP)
Bridges, Sara (BRIDGESSA)
Brown, Evelyn (BROWNE)
Broyles, Kim (BROYLESK)
Bruder, Kelley (bruderk)
Bryan, Marty (BRYANE)
Bryant, Mary K. (International) (BRYANTMA)
Bulger, Boyd (BULGERB)
Burdick, Randall (BURDICKR)
Burdick, Randall (BURDICKR)
Burke, Lichelle (BURKEH)
Burke, Lichelle (BURKEH)
Burke, Lichelle (BURKEH)
Butler, Tricia (BUTLERP)
Campbell, Brandon W. (CAMPBELLBR)
Campbell, Brandon W. (CAMPBELLBR)
Campbell, Philip (CAMPBELLP)
Campbell, Philip (CAMPBELLP)
Cardarelli, Gretchen (cardarellig)
Cardarelli, Gretchen (cardarellig)
Carter, Patricia (CarterPa)
Casas, Yvette (CASASY)
Cecenas, Celia (CECENASC)
Charles, George (CHARLESG)
Chastain, Jessica (CHASTAINJE)
Chastain, Jessica (CHASTAINJE)
Chiddister, Stacey (CHIDDISTERS)
Chow, Kenneth (CHOWK)
Church, Carolyn (CHURCHC)
Cicatiello, Mike (CICATIELLOM)
Cocanower, James (COCANOWERJA)
Cocklin, Toni (COCKLINT)
Cocklin, Toni (COCKLINT)
Coker, Yvonne (COKERY)
Cole, Jeremy (COLEJE)
Cole, Melissa (COLEM)
Cole, Melissa (COLEM)
Corey, Jana (COREYJ)
Corey, Jana (COREYJ)
Corey, Jana (COREYJ)
Corey, Jana (COREYJ)
Couch, Brent (COUCHB)
Couch, Ellie (CADARIOM)
Couch, Lisa (COUCHL)
Couch, Lisa (COUCHL)
Cox, Sharon (COXSH)
Craig, Amanda (CRAIGA)
Craig, Amanda (CRAIGA)
Craig, Amanda (CRAIGA)
Crawford, Wendy (CRAWFORDWE)
Crawford, Wendy (CRAWFORDWE)
Crawford, Wendy (CRAWFORDWE)
Crawford, Wendy (CRAWFORDWE)
Crawley, L.J. (CRAWLEYL)
Crawley, L.J. (CRAWLEYL)
Crawley, L.J. (CRAWLEYL)
Crawley, L.J. (CRAWLEYL)
Crawley, L.J. (CRAWLEYL)
Creech, Ron (CREECHR)
Creech, Ron (CREECHR)
Creech, Ron (CREECHR)
Creger, Susan (CREGERS)
Crozier, Ryan (CROZIERR)
Cullen, Steven (CULLENS)
Cullen, Steven (CULLENS)
Daniels, Andy (Danielsa)
Davenport, Brandy (DAVENPORTBR)
Davenport, Brandy (DAVENPORTBR)
Davenport, Brandy (DAVENPORTBR)
Davenport, Brandy (DAVENPORTBR)
Davidson, Steven (DAVIDSONS)
Davidson, Thor (DAVIDSONTH)
Davidson, Thor (DAVIDSONTH)
Davidson, Thor (DAVIDSONTH)
Davis, Belinda (DAVISBEL)
Davis, Doris (DAVISDOR)
Davis, Scott (DavisSc)
Davis, Traci (DAVISTR)
Davis, Traci (DAVISTR)
Denker, Melba (DenkerM)
Denker, Melba (DenkerM)
DeSousa, April (DESOUSAA)
Dilatush, Andy (DILATUSHA)
Dilatush, Andy (DILATUSHA)
Dilatush, Andy (DILATUSHA)
Dilatush, Andy (DILATUSHA)
Dilatush, Andy (DILATUSHA)
Doane, Maureen (DOANEM)
Dodge, Delene (DODGED)
Dodge, Delene (DODGED)
Dodge, Shawn (DODGES)
Dodge, Shawn (DODGES)
Dodson, Chris (DODSONC)
Dodson, Chris (DODSONC)
Dodson, Chris (DODSONC)
Douglas, Heather (DOUGLASH)
Douglas, Heather (DOUGLASH)
Douglas, Heather (DOUGLASH)
Douglas, Heather (DOUGLASH)
Douglas, Heather (DOUGLASH)
Downing, Bryson (DowningB)
Downing, Bud (DOWNINGH)
Dreiling, Linda (DREILINGL)
Dreiling, Linda (DREILINGL)
Driggers, Shannon (DRIGGERSS)
Eakle, Rick (EAKLER)
Edwards, Elizabeth (EDWARDSM)
Edwards, Rodney (EDWARDSR)
Eiland, Thelma (EILANDT)
Elliott, Rhonda (ELLIOTTR)
Emerson, James P (EMERSONJ)
Emery, Curtis (EMERYC)
Engelmann, Bruce (ENGELMANNB)
Engelmann, Bruce (ENGELMANNB)
Engelmann, Bruce (ENGELMANNB)
Engelmann, Bruce (ENGELMANNB)
Evans, Betty (EVANSB)
Evans, Betty (EVANSB)
Evans, Betty (EVANSB)
Evans, Betty (EVANSB)
Evans, Betty (EVANSB)
Evers, Maxine (EVERSM)
Fanning, Brandy (FANNINGB)
Fields, Tamisha (FIELDST)
Flake, Ben (FLAKEB)
Flake, Ben (FLAKEB)
Flake, Sonia (FLAKES)
Flake, Sonia (FLAKES)
Flake, Sonia (FLAKES)
Flores, Christina (FLORESC)
Flores, Christina (FLORESC)
Flynn, Ryan (FLYNNR)
Flynn, Ryan (FLYNNR)
Flynn, Ryan (FLYNNR)
Fogg, Barbara (FOGGBA)
Forrester, Sydney (FORRESTERS)
Foss, Vicki (fossv)
Foster, Carolyn (FOSTERC)
Foster, Debra (Chicago) (FOSTERDE)
Frick, Elizabeth (FRICKE)
Frick, Elizabeth (FRICKE)
Frick, Elizabeth (FRICKE)
Fritts, Eric (FRITTSE)
Fritts, Eric (FRITTSE)
FSPAYABLE10 (FSPAYABLE10)
FSPAYABLE10 (FSPAYABLE10)
FSPAYABLE5 (FSPAYABLE5)
FSPAYABLE5 (FSPAYABLE5)
FSPAYABLE6 (FSPAYABLE6)
FSPAYABLE6 (FSPAYABLE6)
Fuqua, T (FUQUAT)
Gallo Llorente, Pablo (LLORENTEP)
Garber, Bill (GARBERW)
Garrison, Clay (GARRISONCL)
Gean, Paul (GEANJ)
Gettleman, Eric (GETTLEMANE)
Gibson, Loretta (GIBSONL)
Gibson, Loretta (GIBSONL)
Goforth, Greg (GOFORTHRO)
Goforth, Justin (GOFORTHJ)
Gordon, Leslie (GORDONL)
Gorman, Kim (GORMANK)
Gorman, Kim (GORMANK)
Grisham, Cliff (GRISHAMC)
Grisham, Cliff (GRISHAMC)
Grisham, Cliff (GRISHAMC)
Grisham, Kyongsuk (GRISHAMK)
Guldi, Kay (GULDIJ)
Guldi, Kay (GULDIJ)
Gutierrez, Francisca (GUTIERREZF)
Guzman, Giselle (GUZMANG)
Halderman, Mark (HALDERMANM)
Hale, Ashley (HALEA)
Hale, Katherine (halek)
Hale, Katherine (halek)
Hammett, Kristin (HAMMETTKR)
Hammett, Kristin (HAMMETTKR)
Hammett, Kristin (HAMMETTKR)
Harlow, Robin (HARLOWR)
Harp, Debbie (HARPD)
Harp, Debbie (HARPD)
Harrell, Tyler (HARRELLT)
Harrell, Tyler (HARRELLT)
Harrell, Tyler (HARRELLT)
Harris, Jackie (Corporate) (HARRISJAC)
Harris, Kimberly (HARRISKIMBE)
Harris, Nathan (HARRISN)
Harvey, Barbara (HARVEYB)
Harvey, Barbara (HARVEYB)
Harwell, Brandi (harwellb)
Haugsness, Patty (HAUGSNESSP)
Havens, Sue (HAVENSS)
Hawley, Eva (HAWLEYE)
Hays, Todd (HAYST)
Henry, Andria (HENRYAN)
Henson, Anthony (HENSONA)
Henson, Anthony (HENSONA)
Henson, Anthony (HENSONA)
Hicks, Debbie (HICKSD)
Hill, Jan (HILLJAN)
Hogberg, David (HOGBERGD)
Holt, Audra (HOLTA)
Holt, Audra (HOLTA)
Holt, Elisha (HOLTE)
Holt, Elisha (HOLTE)
Holt, Elisha (HOLTE)
Holt, Kelly (HOLTK)
Holt, Kelly (HOLTK)
Horn, Amy (HORNA)
Horn, Amy (HORNA)
Horn, Amy (HORNA)
Horton, Falon (HORTONFA)
Horton, Falon (HORTONFA)
Horton, Lynette (HORTONH)
Hudgins, Janet (HUDGINSJ)
Hudson, David (HUDSONDA)
Hudson, David (HUDSONDA)
Hudson, David (HUDSONDA)
Hudson, David (HUDSONDA)
Hudson, Stephanie (HUDSONST)
Hunt, Jay (HUNTJ)
Hunt, Jay (HUNTJ)
Hunt, Jay (HUNTJ)
Hunt, Jay (HUNTJ)
Hunt, Jay (HUNTJ)
Hunter, Dominique (HUNTERDO)
Huston, Angela (HUSTONA)
Hutson, Grayson (HUTSONG)
Hylton, Patty (HYLTONP)
Isaacks, John (ISAACKSJ)
Jackson, David (JACKSONDAV)
Jackson, David (JACKSONDAV)
Jacobs, Erin (JACOBSE)
James, Anne (JAMESA)
James, Darielle (JAMESD)
Janus, Mark (JANUSM)
Janus, Mark (JANUSM)
Jiang, Connie (JIANGC)
Jiang, Connie (JIANGC)
Jilek, Jean (JILEKJ)
Jilek, Jean (JILEKJ)
Johnson, Gena (JOHNSONGEN)
Johnson, Gena (JOHNSONGEN)
Johnson, Lisa M. (JOHNSOND)
Johnson, Lisa M. (JOHNSOND)
Johnson, Lisa M. (JOHNSOND)
Johnson, Patti (JOHNSONPATR)
Johnson, Tracie (JOHNSONTRA)
Johnson, Tracie (JOHNSONTRA)
Johnson, Tracy (JOHNSONTRAC)
Jones, Courtney (Corp) (JONESCO)
Jones, Courtney (Corp) (JONESCO)
Jones, Deanna (JONESDEA)
Jones, Denise (JONESDEN)
Jones, Denise (JONESDEN)
Jones, Dennis (JONESDE)
Jones, Dennis (JONESDE)
Jones, Sheila (JONESSH)
Kainz-Markum, Irene (KAINZMARKUMI)
Kainz-Markum, Irene (KAINZMARKUMI)
Karounos, Thomas (KAROUNOST)
Karounos, Thomas (KAROUNOST)
Kastenbaum, Suzanne (KASTENBAUMS)
Kaunitz, Michael (KAUNITZM)
Kavanagh, Charlotte (KAVANAGHCH)
Keathley, Heidi (KEATHLEYH)
Keel, Desiree (KEELD)
Keel, Desiree (KEELD)
Kendrick, Dede (KENDRICKJ)
Kendrick, Dede (KENDRICKJ)
Kesner, Jason (KESNERJA)
Kesner, Jason (KESNERJA)
Kesner, Jason (KESNERJA)
Kesner, Jason (KESNERJA)
Kimbro, Kris (KIMBROKR)
Kimbro, Kris (KIMBROKR)
Kimbro, Kris (KIMBROKR)
King, Bob (KINGR)
King, Donnie (KINGD)
Kirkpatrick, Lisa (KIRKPATRICKL)
Klinger, Angela (KLINGERA)
Klinger, Angela (KLINGERA)
Klinger, Angela (KLINGERA)
Klinger, Angela (KLINGERA)
Knox, Keith (knoxk)
Knudson, Jon (KNUDSONJ)
Knudson, Jon (KNUDSONJ)
Knudson, Jon (KNUDSONJ)
Knudson, Jon (KNUDSONJ)
Kooyman, Bob (KOOYMANB)
Kooyman, Bob (KOOYMANB)
Krapf, Paul (KRAPFP)
Krohn, Jim (KROHNJ)
Ladd, Natalie (LADDN)
Lal, Krishma (LALK)
Lambert, Shannon (LAMBERTS)
Lambert, Shannon (LAMBERTS)
Lambert, Shannon (LAMBERTS)
Lancaster, Alicia (LANCASTERA)
Lancaster, Alicia (LANCASTERA)
Lancaster, Alicia (LANCASTERA)
Langston, Donita (LANGSTOND)
Lenox, Debbie (lenoxd)
Lewellen, Chris (LEWELLENM)
Lewellen, Chris (LEWELLENM)
Lewellen, Chris (LEWELLENM)
Lickfelt, Jeff (LickfeltJ)
Lickfelt, Jeff (LickfeltJ)
Lickfelt, Jeff (LickfeltJ)
Lickfelt, Jeff (LickfeltJ)
Linebaugh, Whitney (LINEBAUGHW)
Lininger, Andrew (LININGERA)
Lininger, Andrew (LININGERA)
Loftin, Jeff (LOFTINJ)
Loftin, Jeff (LOFTINJ)
Loftin, Jeff (LOFTINJ)
Loftin, Jeff (LOFTINJ)
Loh, Ssu-Chi (LOHS)
Loh, Ssu-Chi (LOHS)
Lor, Jue (LORJUE)
Lorince, Tommy (LORINCET)
Love, Christie (LOVECH)
Love, Christie (LOVECH)
Love, Tara (LOVETA)
Lugo, Mandy (lugom)
Lugo, Mandy (lugom)
Luningham, Nanette (LUNINGHAMN)
Luningham, Nanette (LUNINGHAMN)
MacLaren, Karen (MACLARENK)
Magie, Samantha (magies)
Maletto, Richard (MALETTOR)
Mallard, Rhonda (MALLARDR)
Malone, Chuck (MALONEM)
Marchand, Angela (MARCHANDAN)
Marchese, Lynn (MARCHESEL)
Marois, Mike (MAROISM)
Marten, Inger (MARTENI)
Martin, Mila (MARTINMIL)
Martinez, Sarah (MARTINEZSAR)
Martinez, Sarah (MARTINEZSAR)
Matthews, Nancy (MATTHEWSN)
McAfee, Jamie (MCAFEEJ)
McAfee, Jamie (MCAFEEJ)
Mcahren, Camron (MCAHRENC)
McBroom, David (MCBROOMD)
McCarley, Sandi (MCCARLEYS)
McClendon, Lewis (MCCLENDONH)
McClung, Vicky (MCCLUNGV)
McCoy, Tricia (MCCOYPA)
McCoy, Tricia (MCCOYPA)
McCreary, Ken (MCCREARYK)
McCreary, Ken (MCCREARYK)
McCreary, Ken (MCCREARYK)
McCullock, Shannon (MCCULLOCKS)
McCullock, Shannon (MCCULLOCKS)
McDaris, Scott (MCDARISS)
Mcgowan, Tracy (MCGOWANTR)
Mcgowan, Tracy (MCGOWANTR)
Mellott, Tom (MellottT)
Mellott, Tom (MellottT)
Mellott, Tom (MellottT)
Michael, Shawn (MICHAELS)
Michael, Shawn (MICHAELS)
Michaels, Susie (MichaelsS)
Middlebrook, Gloria (MIDDLEBROOKG)
Middlebrook, Gloria (MIDDLEBROOKG)
Middlebrook, Gloria (MIDDLEBROOKG)
Milbrodt, Mark (MILBRODTM)
Miller, Christina (MILLERCH)
Miller, Christina (MILLERCH)
Minor, Chris - Cost Accounting (MINORR)
Minor, Chris - Cost Accounting (MINORR)
Minor, Chris - Cost Accounting (MINORR)
Mitchell, Misty (MITCHELLM)
Mitchell, Misty (MITCHELLM)
Mitchell, Misty (MITCHELLM)
Mitchell, Mona (MITCHELLMON)
Moore, Andre (MOOREAND)
Moore, Andre (MOOREAND)
Moore, Ben (MOOREBEN)
Moore, Ben (MOOREBEN)
Morgan, Greg (MORGANG)
Morris, Holly (MORRISHO)
Morrow, Tommy (MORROWT)
Moses, Scott (MOSESS)
Muirhead, Margie (MUIRHEADM)
Mullen, John (MULLENJ)
Mullen, John (MULLENJ)
Mullen, John (MULLENJ)
Mungle, Angie (MUNGLEA)
Mungle, Angie (MUNGLEA)
Mungle, Angie (MUNGLEA)
Nash, Eugene (NASHE)
Neago, Craig (NEAGOC)
Neely, Bob (neelyb)
Neil, Jeff (NEILJ)
Nolan, Dale (NOLANJ)
Nordin, Lee (NORDINL)
Norvell, Bob (NORVELLR)
Norvell, Bob (NORVELLR)
Odom, Matt (ODOMMA)
Odom, Matt (ODOMMA)
Owens, Evan (OWENSE)
Palmer, Gina (PALMERG)
Palmer, Gina (PALMERG)
Parchman, Shelly (PARCHMANS)
Pardun, Terry (PARDUNT)
Pardun, Terry (PARDUNT)
Parker, Jeff (Retail) (PARKERJ)
Parker, Jeff (Retail) (PARKERJ)
Parker, Jeff (Retail) (PARKERJ)
Parker, Jeff (Retail) (PARKERJ)
Parker, Jennifer (PARKERJEN)
Parks, Debra (PARKSD)
Parks, Debra (PARKSD)
Peers, Lori (PeersL)
Pendley, Robert (PENDLEYR)
Pendley, Robert (PENDLEYR)
Pendley, Robert (PENDLEYR)
Perryman, Bradley (PERRYMANBR)
Peters, Scott (PETERSSC)
Peters, Scott (PETERSSC)
Peters, Scott (PETERSSC)
Peterson, Bradley (PETERSONB)
Pettz, Barbara (PETTZB)
Pettz, Barbara (PETTZB)
Pettz, Suzanne (PETTZS)
Pflueger, Lucy (PFLUEGERL)
Pflueger, Lucy (PFLUEGERL)
Pham, Hang (PHAMHAN)
Pham, Hang (PHAMHAN)
Pham, Hang (PHAMHAN)
Phillips, Pam (PHILLIPSP)
Pianalto, Sandy (PIANALTOSA)
Pianalto, Sandy (PIANALTOSA)
Pianalto, Sandy (PIANALTOSA)
Piepho, Lindsay (PIEPHOL)
Pierson, Ella (PIERSONE)
Pinkerton, Jessica (PINKERTONJ)
Pinkerton, Jessica (PINKERTONJ)
Post, Maegen (POSTM)
Post, Maegen (POSTM)
Prew, Jerry (prewj)
Prew, Jerry (prewj)
Ramirez, Martina (RAMIREZM)
Rapp, Curtis (RAPPC)
Rapp, Curtis (RAPPC)
Rechtin, Mark (RECHTINM)
Redfern, Carolyn (REDFERNC)
Reith, Jerry (REITHJ)
Reynolds, Leanne (REYNOLDSLEA)
Rhodes, Duane (RHODESD)
Rice, Dennis (RICED)
Rice, Dennis (RICED)
Richardson, Melissa (RICHARDSONM1)
Richardson, Patty (RICHARDSONP)
Ridley, Pam (RIDLEYP)
Riedel, Jennifer (RIEDELJ)
Riedel, Jennifer (RIEDELJ)
Riedel, Jennifer (RIEDELJ)
Riggs, Susan (RIGGSS)
Riggs, Susan (RIGGSS)
Riggs, Susan (RIGGSS)
Riggs, Susan (RIGGSS)
Robertson, Carol (HR) (ROBERTSONC)
Robison, Jennifer (ROBISONJE)
Robison, Jennifer (ROBISONJE)
Robison, Kristi (ROBISONK)
Robison, Kristi (ROBISONK)
Robison, Kristi (ROBISONK)
Rogers, Pamela (ROGERSPA)
Rogers, Pamela (ROGERSPA)
Rollins, Julie (ROLLINSJ)
Rouse, Stephanie (ROUSES)
Rouse, Stephanie (ROUSES)
RUCK, WILLIAM (RUCKW)
Ruff, Kevin (RUFFK)
Runkles, Pat (RUNKLESP)
Runkles, Pat (RUNKLESP)
Sabo, Heather (SABOH)
Sabo, Heather (SABOH)
Sandore, Jeff (SANDOREJ)
Savage, Cheryl (SAVAGEC)
Savage, Cheryl (SAVAGEC)
Schause, Alessandra (SCHAUSEA)
Schause, Alessandra (SCHAUSEA)
Schlegel, Cheri (schlegelc)
Schlegel, Cheri (schlegelc)
Schlegel, Cheri (schlegelc)
Schroeder, Geof (SCHROEDERG)
Schroeder, Geof (SCHROEDERG)
Schuhknecht, Will (SCHUHKNECHTK)
Schuhknecht, Will (SCHUHKNECHTK)
Schuhknecht, Will (SCHUHKNECHTK)
Schutz, Jeffrey (SCHUTZJ)
Sehon, Adam (SEHONA)
Sehon, Adam (SEHONA)
Sehon, Adam (SEHONA)
Shadden, Karilynn (SHADDENK)
Shadden, Karilynn (SHADDENK)
Shadden, Karilynn (SHADDENK)
Shaw, Leslie (shawl)
Shepherd, Diane (SHEPHERDF)
Shepherd, Diane (SHEPHERDF)
Sherman, Terri (SHERMANT)
Shilling, Jim (SHILLINGJ)
Shores, Brian (SHORESBR)
Simco, Neal (SIMCOT)
Simpson, Michelle (SIMPSONM)
Sisco, Steve (SISCOS)
Sisco, Steve (SISCOS)
Sisco, Steve (SISCOS)
Sliva, Sr., Robert (slivar)
Sliva, Sr., Robert (slivar)
Sliva, Sr., Robert (slivar)
Sliva, Sr., Robert (slivar)
Sloan, J.D. (SLOANJ)
Sloan, J.D. (SLOANJ)
Smith, Maureen (SMITHMA)
Smith, Maureen (SMITHMA)
Smith, Maureen (SMITHMA)
Smith, Tammy (SMITHTAMM)
Snow, Rosalind (SNOWR)
Snyder, Keith (SNYDERK)
Snyder, Keith (SNYDERK)
Sofronie, Mihai (SOFRONIEM)
Solsvig, Keith (SOLSVIGK)
Spencer, Jim Bob (SPENCERJAM)
Spencer, Jim Bob (SPENCERJAM)
Sprabary, Stacie (SPRABARYS)
Sprouse, Phillip (SPROUSEP)
Sprouse, Phillip (SPROUSEP)
Stacy, Bobby (STACYB)
Stacy, Bobby (STACYB)
Stacy, Bobby (STACYB)
Starr, Rai (STARRR)
Starr, Rai (STARRR)
Starr, Rai (STARRR)
Starr, Rai (STARRR)
Starr, Rai (STARRR)
Stevens, Brent (STEVENSD)
Stevens, Brent (STEVENSD)
Stevens, Brent (STEVENSD)
Stevens, Brent (STEVENSD)
Stiles, Mary (STILESM)
Stiles, Mary (STILESM)
Stockalper, Becky (STOCKALPERR)
Stockalper, Becky (STOCKALPERR)
Stockalper, Becky (STOCKALPERR)
Stockton, Belinda (STOCKTONB)
Stonesifer, Cara (STONESIFERC)
Stonesifer, Cara (STONESIFERC)
Storms, Daniel (STORMSD)
Stukenborg, Louis (STUKENBORGL)
Stukenborg, Louis (STUKENBORGL)
Sullivan, Carla (sullivanca)
Sullivan, Carla (sullivanca)
Sulsar, Jennifer (SULSARJ)
Sumlin, Anthony (SUMLINA)
Suratt, Chalice (SURATTC)
Suratt, Chalice (SURATTC)
Suratt, Chalice (SURATTC)
Suratt, Chalice (SURATTC)
Sweeney, Chuck (SWEENEYC)
Swope, Heather (swopeh)
Swope, Heather (swopeh)
Swope, Heather (swopeh)
Swope, Heather (swopeh)
Tanabe, Vicky (TANABEV)
Tangness, Erick (TANGNESSE)
Taylor, Russell (TAYLORRU)
Tedford, Missy (TEDFORDM)
Tedford, Missy (TEDFORDM)
Tedford, Missy (TEDFORDM)
Teeter, William D. (TEETERW)
Test, Beverly (TESTB)
Tetrick, Allen (TETRICKA)
Thomas, Shelly (THOMASSH)
Thomas, Shelly (THOMASSH)
Thomason, Rick (THOMASONR)
Thompson, Marie (THOMPSONMAR)
Thornburgh, Linda (THORNBURGHL)
Thurman, Kellye (thurmank)
Thurman, Kellye (thurmank)
Toomer, Ryan (TOOMERR)
Torres, Sergio (TORRESSE)
Torres, Sergio (TORRESSE)
Trammell, Tonya (TRAMMELLT)
Treat, Jennifer (TREATJ)
Tripp, Lela (TRIPPL)
Tripp, Lela (TRIPPL)
Tucker, Kelly (TUCKERK)
Tucker, Kelly (TUCKERK)
Tucker, Kelly (TUCKERK)
Tuggle, Regine (TUGGLER)
Turner-Ozimek, Jennifer (TURNERJE)
Turner-Ozimek, Jennifer (TURNERJE)
Undernehr, Doris (UNDERNEHRD)
Undernehr, Doris (UNDERNEHRD)
Upchurch, Meredith (UPCHURCHM)
Upchurch, Meredith (UPCHURCHM)
Upchurch, Susan (UPCHURCHS)
Upchurch, Susan (UPCHURCHS)
Upchurch, Susan (UPCHURCHS)
Upchurch, Susan (UPCHURCHS)
Upchurch, Susan (UPCHURCHS)
Valenti, Bryan (VALENTIB)
Valenti, Bryan (VALENTIB)
Valenti, Bryan (VALENTIB)
Van Tassell, Skip (VANTASSELLJ0)
Van Tassell, Skip (VANTASSELLJ0)
Vaughn, Mark (VAUGHNM)
Vaughn, Mark (VAUGHNM)
Venable, Matt (VENABLEM)
Venable, Matt (VENABLEM)
Villines, Regina (VILLINESR)
Villines, Regina (VILLINESR)
Waits, Michael (WAITSM)
Walker, Angela (WALKERANG)
Walker, Marcus (WALKERMARC)
Walker, Marcus (WALKERMARC)
Walker, Marcus (WALKERMARC)
Walker, Wilma (WALKERW)
Wallace, Tracie (WALLACETRA)
Ward, Lisa (WARDL)
Wardlow, Kirk (WARDLOWK)
Ware, Scott (WARESC)
Ware, Scott (WARESC)
Wasiluk, Bob (WASILUKR)
Wells, Jed (WELLSJE)
Welsh, Bill (WELSHW)
Welsh, Tom (WELSHT)
Wendte, Denise (WENDTED)
Wernsman, Jamie (WERNSMANJ)
Whatley, Brian (WHATLEYBR)
Whatley, Brian (WHATLEYBR)
White, Joey (WHITEJOE)
White, Karlie (WHITEKAR)
White, Rebecca (WHITERE)
White, Rebecca (WHITERE)
White, Susan (National Accounts) (WHITES)
White, Susan (National Accounts) (WHITES)
White, Susan (National Accounts) (WHITES)
White, Susan (National Accounts) (WHITES)
White, Susan (National Accounts) (WHITES)
Whitehead, Keith (WHITEHEADK)
Whitfield, Kevin (WHITFIELDK)
Whitley, Charlotte (WHITLEYC)
Williams, Christopher (WILLIAMSCHRI)
Williams, Kelly (WILLIAMSKELL)
Williams, Laura (412 West) (williamslau0)
Williams, Teneka (WILLIAMST)
Williams, Teneka (WILLIAMST)
Wilson, Patty (WILSONPA)
Wilson, Whitney (WILSONWH)
Wilson, Whitney (WILSONWH)
Wilson, Whitney (WILSONWH)
Winn, Kevin (WINNK)
Winters, Bill (WINTERSW)
Winters, Bill (WINTERSW)
Winters, Pete (WINTERSP)
Winters, Pete (WINTERSP)
Wood, Claressa (WOODCLA)
Wright, Jordan (WRIGHTJOR)
Yawapongsiri, Virawan (YAWAPONGSIR0)
Yingling, Vic (YINGLINGV)
Zachry, Jayme (ZACHRYJ)
Zachry, Jayme (ZACHRYJ)
Zaman, Amber (ZAMANA)
Zaman, Amber (ZAMANA)
Zaman, Amber (ZAMANA)
Zemke, Rivka (ZEMKER)
Zemke, Rivka (ZEMKER)
Zhang, Lily (ZHANGH)
